{
    "epoch": 32,
    "epoch_time": 70.223904,
    "average_epoch_time": 70.70364331249999,
    "total_time": 2262.605782
}