{
    "epoch": 50,
    "epoch_time": 61.03852,
    "average_epoch_time": 61.103167860000006,
    "total_time": 3055.28402
}